{"cameraMode":{"drawMode":0,"name":"Shaded","section":"Shading Mode"},"sceneLighting":false,"audioPlay":false,"sceneViewState":{"showFog":true,"showMaterialUpdate":false,"showSkybox":true,"showFlares":true,"showImageEffects":true,"showParticleSystems":true},"in2DMode":false,"pivot":{"x":14.17557144165039,"y":-40.22159194946289,"z":45.7277717590332},"rotation":{"x":0.43707534670829775,"y":0.05659564957022667,"z":-0.027570338919758798,"w":0.8972190618515015},"size":115.67842864990235,"orthographic":false}